{
    "F1 Macro": 0.9353601839620151,
    "F1 Micro": 0.935924617196702,
    "Precision": 0.9332863518910031,
    "Recall": 0.9385778407748642
}